Citation_Key,Authors,Year,Title,Venue,Venue_Type,ArXiv_ID,Verification_Priority,Red_Flags,Notes
chen2024og,"Chen, Xiaoxuan; Wu, Ziming; Liu, Jian; Zhang, Wei; Wang, Yang",2024,"Ontology-Grounded Retrieval-Augmented Generation for Large Language Models","Proceedings of the 2024 Conference on Neural Information Processing Systems",conference_proceedings,,HIGH,"NeurIPS 2024 (Dec 10-15, 2024) - timing suspicious; generic author names; very similar title to real OG-RAG paper by Sharma et al.","MAJOR RED FLAG: Real paper is sharma2024ograg (arXiv:2412.15235). This appears to be a HALLUCINATED citation"
wang2024hypergraphrag,"Wang, Zhen; Liu, Xiaoming; Chen, Yiran; Zhang, Hao",2024,"HyperGraphRAG: Enhancing Retrieval-Augmented Generation with Hypergraph Structures","Proceedings of the 62nd Annual Meeting of the Association for Computational Linguistics",conference_proceedings,,HIGH,"ACL 2024 was in Aug 2024; Citation_Key,Authors,Year,Title,Venue,Venue_Type,ArXiv_ID,Verification_Priority,Red_Flags,Notes
chen2024og,vechen2024og,"Chen, Xiaoxuan; Wu, Ziming; Liu, Jian; Zhang, Wei; Wang, Yang",2024,"Ontology-Grou,2wang2024hypergraphrag,"Wang, Zhen; Liu, Xiaoming; Chen, Yiran; Zhang, Hao",2024,"HyperGraphRAG: Enhancing Retrieval-Augmented Generation with Hypergraph Structures","Proceedings of the 62nd Annual Meeting of the Association for Computational Linguistics",conference_proceedings,,HIGH,"ACL 2024 was in Aug 2024; Citation_Key,Authors,Year,Title,Venue,Venue_Type,ArXiv_ID,Verification_Priority,Red_Flags,Notes
chen2024og,vechen2024og,"Chen, Xiaoxuan; Wu, Ziming; Liu, Jian; Zhang, Wei; Wang, Yang",2024,"Ontols chen2024og,vechen2024og,"Chen, Xiaoxuan; Wu, Ziming; Liu, Jian; Zhang, Wei; Wang, Yang",2024,"Ontology-Grou,2wang2024hypergraphrag,"Wang, Zhen; Liu, Xiaoming; Chen, Yiran; Zhang, Hao",2024,"HyperGraphRAG: Enhancing Retrieval-Augmented Generation with Hypergraph Structures","Proceedings of the 62nd Annual Meeting of the Association for Computational Linguistics",conference_proceedings,,HIGH,"ACL 2024 waNechen2024og,vechen2024og,"Chen, Xiaoxuan; Wu, Ziming; Liu, Jian; Zhang, Wei; Wang, Yang",2024,"Ontols chen2024og,vechen2024og,"Chen, Xiaoxuan; Wu, Ziming; Liu, Jian; Zhang, Weptance; check if authors exist"
bai2024hipporag,"Bai, Bernal Jiménez; Wang, Yifan; Chen, Linjun; Liu, Jiawei; Zhang, Tuo",2024,"HippoRAG: Neurobiologically Inspired Long-term Memory for Retrieval-Augmented Generation",arXiv:2405.14831,arxiv,arXiv:2405.14831,LOW,"ArXiv ID verifiable; appears in NeurIPS 2024 proceedings (v37, pp 59532-59569 bai2024hipporag,"Bai, Bernal Jiménez; Wang, Yifan; Chen, Linjun; Liu, Jiawei; Zhang, Tuo",2024,"HippoRAG: Neurobiologically Inspired Long-term Memory for Retrieval-Augmented Generation",arXiv:2405.14831,arxiv,arXiv:2405.14831,LOW,"ArXiv ID verifiable; appears in NeurIPS 2024 proceedings (v37, pp 59532-59569 bai2024hipporag,"Bai, Bernal Jiménez; Wang, Yifan; Chen, Linjun; Liu, Jiawei; Zhang, Tuo",2024,"HippoRAG: Neurobiologically Inspired Long-term Memory for Retrieval-Augmented Generation",arXiv:2405.14831,arxiv,arXiv:2405.14831,LOW,"ArXiv ID verifiable; appears in NeurIPS 2024 proceedings (v37, pp 59532-59569 bai2024hipporag,"Bai, Bernal Jiménez; Wang, Yifan; Chen, Linjun; Liu, Jiawei; Zhang, Tuo",2er-reviewed but from Neo4j official source","Verify: Check Neo4j documentation archives; likely real but not academic peer-reviewed"
guo2024lazygraphrag,"Guo, Jiayan; Zhang, Lianghao; Liu, Ting; Huang, Rui",2024,"LazyGraphRAG: Cost-Effective Graph-Based Retrieval-Augmented Generation",arXiv:2408.12741,arxiv,arXiv:2408.12741,MEDIUM,"ArXiv ID provided; LazyGraphRAG name follows naming conventions","Verify arXiv ID exists and matches metadata"
zhang2024triplex,"Zhang, Bo; Chen, Dawei; Wang, Lianghao; Liu, Ting",2024,"Triplex: An Efficient and Scalable Graph-Based Knowledge Extraction System",arXiv:2406.02911,arxiv,arXiv:2406.02911,MEDIUM,"ArXiv ID provided; Triplex is plausible name","Verify arXiv ID and author names"
guo2024lightrag,"Guo, Zirui; Fang, Lianghao; Li, Nan; Zhang, Zheng; Liu, Ting",2024,"LightRAG: Simple and Fast Retrieval-Augmented Generation",arXiv:2410.05779,arxiv,arXiv:2410.05779,MEDIUM,"ArXiv ID from Oct 2024; LightRAG follows naming pattern","Verify arXiv ID; check if authors are real researcheguo2024lazygraphrag,"Guo, Jiayan; Zhang, Lianghao; Liu, Ting; Huang, Rui",2024,"LazyGraphRAG: Cost-Effective Graph-Based RetrievaAPzhang2024triplex,"Zhang, Bo; Chen, Dawei; Wang, Lianghao; Liu, Ting",2024,"Triplex: An Efficient and Scalable Graph-Based Knowledge Extraction System",arXiv:2406.02911,arxiv,arXiv:2406.02911,MEDIUM,"ArXiv ID provided; Triplex is plausible name","Verify arXiv ID and author names"
guo2024lightrag,"Guo, Zirui; F vguo2024lightrag,"Guo, Zirui; Fang, Lianghao; Li, Nan; Zhang, Zheng; Liu, Ting",2024,"LightRAG: Simple and Fast Retrieval-Augmented Generation",arXiv:2410.05779,arxiv,arXiv:2410.05779,MEDIUM,"ArXiv ID from Oct 2024; LightRAG follows naming pattern","Verify arXiv ID; check if auFLAguo2024lightrag,"Guo, Zirui; F vguo2024lightrag,"Guo, Zirui; Fang, Lianghao; Li, Nan; Zhang, Zheng; Liu, Ting",2024,"LightRAG: Simple and Fast Retrieval-Augmented Generation",arXiv:2410.05779,arxiv,arXiv:2410.05779,MEDIUM,"ArXiv ID from Oct 2024; LightRAG follows naming pattern","Verify arXiv ID; check if auFLAguo2024lightrag,"Guo, Zirui; F vguo2024lightrag,"Guo, Zirui; Fang, Lianghao; Li, Nan; Zhang, Zheng; Liu, Ting",2024,"LightRAG: Simple and Fast Retrieval-Augmented Generation",arXiv:2410.05779,arxiv,arXiv:2410.05779,MEDIUM,"ArXiv ID from Oct 2024; LightRAG follows naming pattern","Verify arXiv ID; check if auFLAguo2024lightrag,"Guo, Zirui; F vguo2024lightrag,"Guo, Zirui; Fang, Lianghao; Li, Nan; 24; collaborative KB construction is current research area","Verify arXiv ID and authors"
chen2024multilingual,"Chen, Zhiwei; Fan, Lige; Wang, Ruochen; Yasunaga, Michihiro; Zheng, Yizhou; Zhai, Jianfeng; Wei, Furu",2024,"MultiLingual Knowledge Graph Completion via Ensemble Knowledge Distillation",arXiv:2404.10405,arxiv,arXiv:2404.10405,MEDIUM,"ArXiv Apr 2024; Yasunaga is REAL (Stanford researcher)","LIKELY REAL: Yasunaga is verifiable Stanford researcher; verify arXiv ID"
chenOmniRAGComprehensiveRetrievalAugmented2025,"Chen, Zhe; Liao, Yusheng; Jiang, Shuyang; Wang, Pingjie; Guo, Yiqiu; Wang, Yanfeng; Wang, Yu",2025,"Towards Omni-RAG: Comprehensive Retrieval-Augmented Generation for Large Language Models in Medical Applications",arXiv:2501.02460,arxiv,arXiv:2501.02460,CRITICAL,"2025 paper (Jan 2025) - FUTURE CITATION; thesis defense was Jan 14, 2026; arXiv 2501 = Jan 2025","VERIFY IMMEDIATELY: Check if arXiv:2501.02460 actually exists; if defense was Jan 2026, Jan 2025 papers are valid"
fengOntologyRAGBetterFaschen2024multilingual,"Chen, Zhiwei; Fan, Lige; Wang, Ruochen; Yasunaga, Michihiro; Zhe BchenOmniRAGComprehensiveRetrievalAugmented2025,"Chen, Zhe; Liao, Yusheng; Jiang, Shuyang; Wang, Pingjie; Guo, Yiqiu; Wang, Yanfeng; Wang, Yu",2025,"Towards Omni-RAG: Comprehensive Retrieval-Augmented Generation for Large Language Models in Medical Applications",arXiv:2501.02460,arxiv,arXiv:2501.02460,CRITICAL,"2025 paper (Jan 2025) - FUTURE CITATION; thesis defense was Jan 14, 2026;ngfengOntologyRAGBetterFaschen2024multilingual,"Chen, Zhiwei; Fan, Lige; Wang, Ruochen; Yasunaga, Michihiro; Zhe BchenOmniRAGComprehensiveRetrievalAugmented2025,"Chen, Zhe; Liao, Yusheng; Jiang, Shuyang; Wang, Pingjie; Guo, Yiqiu; Wang, Yanfeng; Wang, Yu",2025,"Towards Omni-RAG: Comprehensive Retrieval-Augmented Generation for Large Language Models in Medical Applications",arXiv:2501.02460,arxiv,arXiv:2501.02460,CRITICAL,"2025 paper (Jan 2025) - FUTURE CITATION; thesis defense was Jan 14, 2026;ngfengOntologyRAGBetterFas"OG-RAG: Ontology-Grounded Retrieval-Augmented Generation For Large Language Models",arXiv:2412.15235,arxiv,arXiv:2412.15235,LOW,"ArXiv Dec 2024; THIS is the real OG-RAG paper (not chen2024og)","REAL: This is the legitimate OG-RAG paper; chen2024og appears to be duplicate/hallucination"
chen2024comprehensive,"Chen, Jiawei; Zhang, Hao; Wang, Lei; Liu, Yang",2024,"Comprehensive evaluation framework for ontology-grounded retrieval-augmented generation systems","Proceedings of the Annual Conference on Empirical Methods in Natural Language Processing",conference_proceedings,,HIGH,"EMNLP 2024 (Nov 12-16, 2024); generic title; need to verify authors and exact proceedings","Verify EMNLP 2024 proceedings; check if this specific paper exists"
jin2024medrag,"Jin, Zhe; Wang, Sheng; Chen, Hao",2024,"MedRAG: Medical knowledge-enhanced retrieval-augmented generation for clinical decision support","Journal of Biomedical Informatics",journal,,MEDIUM,"Published in journal; MedRAG is plausible medical RAG system","Verify: Check Jchen2024comprehensive,"Chen, Jiawei; Zhang, Hao; Wang, Lei; Liu, Yang",2024,"Comprehensive evaluation framework for ontology-grounded retrieval-augmented generation systems","Proceedings of the Annual Conference on Empirical Methods in Natural Language Processing",conference_proceedintjin2024medrag,"Jin, Zhe; Wang, Sheng; Chen, Hao",2024,"MedRAG: Medical knowledge-enhanced retrieval-augmented generation for clinical decision support","Journal of Biomedical Informatics",journal,,MEDIUM,"Published in journal; MedRAG is plausible medical RAG system","Verify: Check Jchen2024comprehensive,"Chen, Jiawei; Zhang, Hao; Wang, Lei; Liu, Yang",2024,"Comprehensive evaluation framework for ontology-grounded retrieval-augmented generation systece_proceedings,,HIGH,"Generic venue 'Proceedings of ACL' - should specify which ACL conference; HyDE is real technique","Suspicious: Venue too generic; HyDE (Hypothetical Document Embeddings) is real, but verify this specific paper"
zhang2023siren,"Zhang, Yue; Li, Yafu; Cui, Leyang; Cai, Deng; Liu, Lemao; Fu, Tingchen; others",2023,"Siren's Song in the AI Ocean: A Survey on Hallucination in Large Language Models",arXiv:2309.01219,arxiv,arXiv:2309.01219,LOW,"ArXiv Sep 2023; hallucination survey is real research area","Verify arXiv ID; hallucination surveys are common"
