proverb_id,kikuyu_text,expert_translation,expert_cultural_meaning,og_rag_translation,og_rag_cultural_meaning,og_rag_business_relevance,og_rag_confidence,og_rag_time,raw_llm_translation,raw_llm_reasoning,raw_llm_confidence,raw_llm_time,nllb_translation,nllb_metadata,nllb_time,google_translation,google_time,generation_timestamp,processing_order
MW_001,Aikaragia mbia ta njuu ngigi.,He looks after his money the way storks pursue locusts.,,"```json
{
    ""translation"": ""One does not hide a fire like a secret."",
    ""cultural_meaning"": ""This proverb emphasizes the importance of transparency and openness in communication. In Kikuyu culture, it signifies that certain truths or valuable knowledge should not be concealed, as they can benefit the community. It reflects the belief that sharing knowledge fosters trust and collaboration."",
    ""business_relevance"": ""In the context of business and entrepreneurship, this proverb highlights the necessity of transparency in operations and decision-making. Just as a fire cannot be hidden without consequences, businesses that operate in secrecy may face mistrust and missed opportunities. Open communication and sharing of ideas can lead to innovation and stronger partnerships."",
    ""confidence_score"": 0.95
}
```",Generated with OG-RAG enhanced context,,0.7,5.998203992843628,One does not go back to the place they have already passed.,"This translation captures the essence of the proverb, which suggests that once a person has moved on from a situation or place, they should not return to it. It implies the importance of progress and not dwelling on the past.",0.8,2.414578914642334,He was a man of many talents.,"{""model"": ""facebook/nllb-200-distilled-1.3B"", ""provider"": ""winstxnhdw-nllb-api"", ""api_version"": ""v4"", ""api_url"": ""https://winstxnhdw-nllb-api.hf.space/api/v4/translator"", ""source_lang"": ""kik_Latn"", ""target_lang"": ""eng_Latn"", ""training_data"": ""FLORES-200"", ""backend"": ""CTranslate2""}",1.5056822299957275,Aikharia mbia ta njigi.,1.0330829620361328,2025-10-06T23:36:53.011615,1
MW_001,Aikaragia mbia ta njuu ngigi.,He looks after his money the way storks pursue locusts.,Whoever has much always wants more.,"```json
{
    ""translation"": ""One does not harvest what they did not plant."",
    ""cultural_meaning"": ""This proverb emphasizes the importance of effort and preparation in achieving success. It reflects the Kikuyu belief that hard work and dedication are essential for reaping rewards, underscoring the value of proactive engagement in one's endeavors."",
    ""business_relevance"": ""In the context of business and entrepreneurship, this proverb serves as a reminder that success is not accidental; it requires planning, investment of time and resources, and consistent effort. Entrepreneurs are encouraged to lay a solid foundation before expecting returns, highlighting the importance of strategic planning and perseverance."",
    ""confidence_score"": 0.95
}
```",Generated with OG-RAG enhanced context,,0.7,3.5901269912719727,One does not forget a wound just because it has healed.,"This translation captures the essence of the proverb, which suggests that even when something painful has passed, the memory and impact of that experience remain. It emphasizes the importance of acknowledging past experiences and their lasting effects.",0.9,3.598006010055542,He was a man of many talents.,"{""model"": ""facebook/nllb-200-distilled-1.3B"", ""provider"": ""winstxnhdw-nllb-api"", ""api_version"": ""v4"", ""api_url"": ""https://winstxnhdw-nllb-api.hf.space/api/v4/translator"", ""source_lang"": ""kik_Latn"", ""target_lang"": ""eng_Latn"", ""training_data"": ""FLORES-200"", ""backend"": ""CTranslate2""}",0.8483841419219971,Aikharia mbia ta njigi.,0.9452769756317139,2025-10-06T23:37:01.994517,2
MW_002,Andu ni indo.,People are wealth.,,"```json
{
    ""translation"": ""People are the essence."",
    ""cultural_meaning"": ""This proverb emphasizes the importance of community and relationships in Kikuyu culture. It reflects the belief that individuals are interconnected and that the strength of a community lies in its people. It highlights the value of collaboration, mutual support, and the idea that success is not solely an individual achievement but a collective effort."",
    ""business_relevance"": ""In the context of business and entrepreneurship, this proverb underscores the significance of building strong networks and relationships. It suggests that successful ventures are often those that prioritize teamwork, community engagement, and the well-being of all stakeholders. Entrepreneurs are encouraged to invest in their relationships with employees, customers, and partners, recognizing that a supportive community can lead to greater innovation and resilience."",
    ""confidence_score"": 0.95
}
```",Generated with OG-RAG enhanced context,,0.7,4.993974924087524,People are the essence.,This translation captures the idea that individuals or community members are fundamental to the identity and value of a society. The proverb emphasizes the importance of human relationships and connections in Kikuyu culture.,0.8,1.710519790649414,People are things.,"{""model"": ""facebook/nllb-200-distilled-1.3B"", ""provider"": ""winstxnhdw-nllb-api"", ""api_version"": ""v4"", ""api_url"": ""https://winstxnhdw-nllb-api.hf.space/api/v4/translator"", ""source_lang"": ""kik_Latn"", ""target_lang"": ""eng_Latn"", ""training_data"": ""FLORES-200"", ""backend"": ""CTranslate2""}",1.1912109851837158,And touch it indo.,0.3486661911010742,2025-10-06T23:37:10.239901,3
MW_002,Andu ni indo.,People are wealth.,,"```json
{
    ""translation"": ""People are wealth."",
    ""cultural_meaning"": ""This proverb emphasizes the importance of community and relationships in Kikuyu culture. It reflects the belief that the true value of life lies in the connections we make with others, and that mutual support and collaboration are essential for prosperity."",
    ""business_relevance"": ""In the context of business and entrepreneurship, this proverb highlights the significance of networking, partnerships, and teamwork. Successful ventures are often built on strong relationships, where individuals support each other to achieve common goals, reinforcing the idea that collective effort leads to greater success than individual pursuits."",
    ""confidence_score"": 0.95
}
```",Generated with OG-RAG enhanced context,,0.7,9.600312232971191,People are like a mirror.,"This translation captures the essence of the proverb, suggesting that individuals reflect the qualities, behaviors, and values of those around them, much like a mirror reflects an image. It emphasizes the interconnectedness of people and the influence they have on one another.",0.8,2.477536916732788,People are things.,"{""model"": ""facebook/nllb-200-distilled-1.3B"", ""provider"": ""winstxnhdw-nllb-api"", ""api_version"": ""v4"", ""api_url"": ""https://winstxnhdw-nllb-api.hf.space/api/v4/translator"", ""source_lang"": ""kik_Latn"", ""target_lang"": ""eng_Latn"", ""training_data"": ""FLORES-200"", ""backend"": ""CTranslate2""}",1.0362849235534668,And touch it indo.,0.9202501773834229,2025-10-06T23:37:24.275351,4
MW_003,Bururi uri ngui ndungiciarikira indo.,In an unstable country one cannot become wealthy,,"```json
{
    ""translation"": ""A community thrives when its members support one another."",
    ""cultural_meaning"": ""This proverb emphasizes the importance of unity and collaboration within the Kikuyu community. It reflects the belief that collective effort and mutual support lead to prosperity and resilience, highlighting the interconnectedness of individuals within the community."",
    ""business_relevance"": ""In the context of business and entrepreneurship, this proverb underscores the value of networking, partnerships, and community support. Successful businesses often rely on strong relationships and collaboration, suggesting that entrepreneurs should foster connections and work together to achieve common goals."",
    ""confidence_score"": 0.95
}
```",Generated with OG-RAG enhanced context,,0.7,2.7403981685638428,A country that is not united will not prosper.,"This translation captures the essence of the proverb, emphasizing the importance of unity for the success and prosperity of a community or nation. The original Kikuyu phrase suggests that without cohesion and collaboration among its people, a society will struggle to thrive.",0.9,2.0735459327697754,Sleeping with a dog is not a good thing.,"{""model"": ""facebook/nllb-200-distilled-1.3B"", ""provider"": ""winstxnhdw-nllb-api"", ""api_version"": ""v4"", ""api_url"": ""https://winstxnhdw-nllb-api.hf.space/api/v4/translator"", ""source_lang"": ""kik_Latn"", ""target_lang"": ""eng_Latn"", ""training_data"": ""FLORES-200"", ""backend"": ""CTranslate2""}",1.4441628456115723,Burundi and I am telling us a god.,1.4133110046386719,2025-10-06T23:37:31.948021,5
MW_003,Cia arume (indo) ciuragira kuingi.,Men’s property gets lost in many places.,,"```json
{
    ""translation"": ""The work of a man is best seen in his actions."",
    ""cultural_meaning"": ""This proverb emphasizes the importance of tangible results and actions over mere words or intentions. In Kikuyu culture, there is a strong belief that one's true character and capabilities are revealed through what they do, not just what they say. It reflects the value placed on hard work, accountability, and the significance of demonstrating one's abilities through concrete achievements."",
    ""business_relevance"": ""In the context of business and entrepreneurship, this proverb underscores the necessity for entrepreneurs to focus on delivering results and building a reputation through their actions. It serves as a reminder that successful business practices are rooted in consistent effort and the ability to follow through on commitments, which can lead to trust and credibility with clients and partners."",
    ""confidence_score"": 0.95
}
```",Generated with OG-RAG enhanced context,,0.7,3.27197265625,The words of men (or husbands) are often disregarded.,"This translation captures the essence of the proverb, suggesting that the opinions or advice of men may not be taken seriously or may be overlooked by others. It reflects a cultural context where gender dynamics and the value placed on male perspectives can be significant.",0.8,2.2529590129852295,The male (indo) is more prone to death.,"{""model"": ""facebook/nllb-200-distilled-1.3B"", ""provider"": ""winstxnhdw-nllb-api"", ""api_version"": ""v4"", ""api_url"": ""https://winstxnhdw-nllb-api.hf.space/api/v4/translator"", ""source_lang"": ""kik_Latn"", ""target_lang"": ""eng_Latn"", ""training_data"": ""FLORES-200"", ""backend"": ""CTranslate2""}",1.5529909133911133,CIA ONE (IND) Cirargia Kuingi.,1.4181838035583496,2025-10-06T23:37:40.445127,6
MW_004,Cia arume (indo) ciuragira kuingi.,Men’s property gets lost in many places.,,"```json
{
    ""translation"": ""The work of men (or the efforts of men) brings forth abundance."",
    ""cultural_meaning"": ""This proverb emphasizes the importance of hard work and collective effort in achieving success. In Kikuyu culture, it reflects the belief that diligence and collaboration among men lead to prosperity and well-being for the community. It underscores the value placed on labor and the idea that success is often a result of shared endeavors."",
    ""business_relevance"": ""In the context of business and entrepreneurship, this proverb highlights the significance of teamwork and the collective effort required to achieve business goals. It suggests that successful ventures are built on collaboration, where each member's contributions are vital to the overall success. Entrepreneurs can draw inspiration from this wisdom to foster a culture of cooperation and shared responsibility within their teams, ultimately leading to greater productivity and success."",
    ""confidence_score"": 0.95
}
```",Generated with OG-RAG enhanced context,,0.7,3.733643054962158,The words of men (or boys) are often misleading.,"This translation captures the essence of the proverb, which suggests that one should be cautious about trusting what is said by men, as their words may not always reflect the truth or reality. It emphasizes the idea that intentions and promises can be deceptive.",0.8,2.27325177192688,The male (indo) is more prone to death.,"{""model"": ""facebook/nllb-200-distilled-1.3B"", ""provider"": ""winstxnhdw-nllb-api"", ""api_version"": ""v4"", ""api_url"": ""https://winstxnhdw-nllb-api.hf.space/api/v4/translator"", ""source_lang"": ""kik_Latn"", ""target_lang"": ""eng_Latn"", ""training_data"": ""FLORES-200"", ""backend"": ""CTranslate2""}",0.8565073013305664,CIA ONE (IND) Cirargia Kuingi.,0.3872370719909668,2025-10-06T23:37:47.696827,7
MW_004,Bururi uri ngui ndungiciarikira indo.,In an unstable country one cannot become wealthy.,Political stability facilitates wealth.,"```json
{
    ""translation"": ""A community that is united will not be easily defeated."",
    ""cultural_meaning"": ""This proverb emphasizes the importance of unity and collaboration within the Kikuyu community. It reflects the belief that collective strength and support lead to resilience and success, highlighting the value of working together towards common goals."",
    ""business_relevance"": ""In the context of business and entrepreneurship, this proverb underscores the significance of teamwork, partnerships, and community support. Successful ventures often rely on collaboration and shared resources, suggesting that businesses thrive when they foster strong relationships and a sense of community among stakeholders."",
    ""confidence_score"": 0.95
}
```",Generated with OG-RAG enhanced context,,0.7,1.7569148540496826,A country that is not united will not prosper.,"This translation captures the essence of the proverb, which emphasizes the importance of unity and collaboration within a community or nation for achieving success and prosperity. The original Kikuyu phrase suggests that disunity leads to failure, reflecting a cultural value placed on togetherness and collective effort.",0.9,1.3668999671936035,Sleeping with a dog is not a good thing.,"{""model"": ""facebook/nllb-200-distilled-1.3B"", ""provider"": ""winstxnhdw-nllb-api"", ""api_version"": ""v4"", ""api_url"": ""https://winstxnhdw-nllb-api.hf.space/api/v4/translator"", ""source_lang"": ""kik_Latn"", ""target_lang"": ""eng_Latn"", ""training_data"": ""FLORES-200"", ""backend"": ""CTranslate2""}",0.9114313125610352,Burundi and I am telling us a god.,2.023292064666748,2025-10-06T23:37:53.756411,8
MW_005,Cia kionje itigayagwo kiri muoyo/gitanakua.,The property of an invalid are not distributed while the person is still alive.,,"```json
{
    ""translation"": ""What is not tasted does not fill the stomach."",
    ""cultural_meaning"": ""This proverb emphasizes the importance of experience and practical engagement in life. It reflects the Kikuyu belief that one must actively participate and try things out to truly understand and benefit from them. It underscores the value of hands-on experience over mere theoretical knowledge."",
    ""business_relevance"": ""In the context of business and entrepreneurship, this proverb highlights the necessity of taking risks and experimenting with ideas. Entrepreneurs are encouraged to test their concepts in the market rather than just planning or theorizing. Success often comes from learning through doing, which can lead to innovation and growth."",
    ""confidence_score"": 0.95
}
```",Generated with OG-RAG enhanced context,,0.7,4.818217039108276,What is not tasted cannot be known.,"This translation captures the essence of the proverb, which emphasizes the importance of experience and firsthand knowledge. It suggests that one cannot fully understand or appreciate something without having experienced it directly.",0.9,3.269188165664673,The brightness is not left alive/untouched.,"{""model"": ""facebook/nllb-200-distilled-1.3B"", ""provider"": ""winstxnhdw-nllb-api"", ""api_version"": ""v4"", ""api_url"": ""https://winstxnhdw-nllb-api.hf.space/api/v4/translator"", ""source_lang"": ""kik_Latn"", ""target_lang"": ""eng_Latn"", ""training_data"": ""FLORES-200"", ""backend"": ""CTranslate2""}",1.5602397918701172,You have you do it.,1.400334119796753,2025-10-06T23:38:04.805392,9
MW_005,Cia kionje itigayagwo kiri muoyo/gitanakua.,The property of an invalid are not distributed while the person is still alive.,A poor man is unable to obtain any more than he possesses.,"```json
{
    ""translation"": ""The taste of the fruit is not known until it is eaten."",
    ""cultural_meaning"": ""This proverb emphasizes the importance of experience and firsthand knowledge. In Kikuyu culture, it reflects the belief that true understanding comes from direct involvement rather than hearsay. It encourages individuals to engage actively in life and learn through personal experiences."",
    ""business_relevance"": ""In the context of business and entrepreneurship, this proverb underscores the necessity of taking risks and trying new ventures. Entrepreneurs must engage with their ideas and markets directly to truly understand their potential and challenges. It highlights the value of experiential learning in making informed decisions and fostering innovation."",
    ""confidence_score"": 0.95
}
```",Generated with OG-RAG enhanced context,,0.7,4.820856809616089,What is not tasted cannot be known.,"This translation captures the essence of the proverb, which suggests that one cannot truly understand or appreciate something without experiencing it firsthand. It emphasizes the importance of personal experience in gaining knowledge or insight.",0.9,1.7407889366149902,The brightness is not left alive/untouched.,"{""model"": ""facebook/nllb-200-distilled-1.3B"", ""provider"": ""winstxnhdw-nllb-api"", ""api_version"": ""v4"", ""api_url"": ""https://winstxnhdw-nllb-api.hf.space/api/v4/translator"", ""source_lang"": ""kik_Latn"", ""target_lang"": ""eng_Latn"", ""training_data"": ""FLORES-200"", ""backend"": ""CTranslate2""}",0.8406031131744385,You have you do it.,1.667423963546753,2025-10-06T23:38:13.876130,10
MW_006,Cia thuguri itiyuragia ikumbi,Bought things do not fill the granary.,,"```json
{
    ""translation"": ""A single tree does not make a forest."",
    ""cultural_meaning"": ""This proverb emphasizes the importance of community and collaboration. In Kikuyu culture, it is understood that individual efforts alone are insufficient for achieving significant goals; rather, collective action and support from others are essential for success. It reflects the value placed on unity and teamwork within the community."",
    ""business_relevance"": ""In the context of business and entrepreneurship, this proverb highlights the necessity of building networks and partnerships. Successful ventures often rely on collaboration, shared resources, and the pooling of skills and knowledge. Entrepreneurs are encouraged to seek alliances and work together with others to create a more substantial impact and achieve their objectives."",
    ""confidence_score"": 0.95
}
```",Generated with OG-RAG enhanced context,,0.7,2.9752941131591797,A single tree does not make a forest.,"This translation captures the essence of the proverb, which emphasizes the importance of community and collaboration. Just as a forest is made up of many trees, so too are successful endeavors often the result of collective effort rather than individual action.",0.9,2.03849196434021,The robbers do not fill the room,"{""model"": ""facebook/nllb-200-distilled-1.3B"", ""provider"": ""winstxnhdw-nllb-api"", ""api_version"": ""v4"", ""api_url"": ""https://winstxnhdw-nllb-api.hf.space/api/v4/translator"", ""source_lang"": ""kik_Latn"", ""target_lang"": ""eng_Latn"", ""training_data"": ""FLORES-200"", ""backend"": ""CTranslate2""}",1.3198540210723877,Cia thuguri itiyuragia ikumbi,0.4274590015411377,2025-10-06T23:38:20.785784,11
MW_006,Cia thuguri itiyuragia ikumbi,Bought things do not fill the granary.,One must work hard to achieve wealth.,"```json
{
    ""translation"": ""A single tree does not make a forest."",
    ""cultural_meaning"": ""This proverb emphasizes the importance of community and collaboration in Kikuyu culture. It reflects the belief that individual efforts, while valuable, are insufficient without the support and contributions of others. The Kikuyu people have a strong sense of unity and collective responsibility, which is vital for achieving common goals."",
    ""business_relevance"": ""In the context of business and entrepreneurship, this proverb highlights the necessity of teamwork, partnerships, and networking. Successful ventures often rely on the collaboration of diverse talents and resources, illustrating that no one can succeed in isolation. Building strong relationships and fostering a supportive community can lead to greater innovation and success."",
    ""confidence_score"": 0.95
}
```",Generated with OG-RAG enhanced context,,0.7,3.073906183242798,A single tree does not make a forest.,"This translation captures the essence of the proverb, which emphasizes the importance of community and collaboration. Just as a forest is made up of many trees, success and strength come from working together rather than relying on a single individual.",0.9,2.0477850437164307,The robbers do not fill the room,"{""model"": ""facebook/nllb-200-distilled-1.3B"", ""provider"": ""winstxnhdw-nllb-api"", ""api_version"": ""v4"", ""api_url"": ""https://winstxnhdw-nllb-api.hf.space/api/v4/translator"", ""source_lang"": ""kik_Latn"", ""target_lang"": ""eng_Latn"", ""training_data"": ""FLORES-200"", ""backend"": ""CTranslate2""}",0.8514008522033691,Cia thuguri itiyuragia ikumbi,0.3521249294281006,2025-10-06T23:38:27.112029,12
MW_007,Ciira muingi/munene ni ukia.,A long lawsuit brings poverty.,,"```json
{
    ""translation"": ""A large harvest comes from a great effort."",
    ""cultural_meaning"": ""This proverb emphasizes the value of hard work and perseverance in achieving significant results. In Kikuyu culture, there is a strong belief that success is directly proportional to the effort put in, reflecting the community's agrarian roots where diligent farming leads to abundant yields."",
    ""business_relevance"": ""In the context of business and entrepreneurship, this proverb highlights the importance of dedication and hard work in achieving success. Entrepreneurs are encouraged to invest time and effort into their ventures, as substantial returns often require significant input and commitment."",
    ""confidence_score"": 0.95
}
```",Generated with OG-RAG enhanced context,,0.7,2.9168739318847656,A large crowd is a sign of trouble.,"This translation captures the essence of the proverb, which suggests that when many people gather, it often indicates that there is an issue or conflict that needs to be addressed. The phrase 'large crowd' symbolizes potential chaos or problems, while 'sign of trouble' conveys the underlying caution that the proverb imparts.",0.8,2.4894731044769287,The most important sentence is ukia.,"{""model"": ""facebook/nllb-200-distilled-1.3B"", ""provider"": ""winstxnhdw-nllb-api"", ""api_version"": ""v4"", ""api_url"": ""https://winstxnhdw-nllb-api.hf.space/api/v4/translator"", ""source_lang"": ""kik_Latn"", ""target_lang"": ""eng_Latn"", ""training_data"": ""FLORES-200"", ""backend"": ""CTranslate2""}",1.4779798984527588,Your rules/where are.,1.506592035293579,2025-10-06T23:38:35.504080,13
MW_007,Ciira muingi/munene ni ukia.,A long lawsuit brings poverty.,Be quick to forgive.,"```json
{
    ""translation"": ""A great burden is not carried alone."",
    ""cultural_meaning"": ""This proverb emphasizes the importance of community and collaboration in Kikuyu culture. It reflects the belief that challenges and responsibilities are best managed when shared among individuals, highlighting the value of unity and support within the community."",
    ""business_relevance"": ""In the context of business and entrepreneurship, this proverb underscores the significance of teamwork and partnerships. It suggests that successful ventures often rely on collective effort, shared resources, and mutual support, encouraging entrepreneurs to seek collaboration rather than attempting to bear burdens alone."",
    ""confidence_score"": 0.95
}
```",Generated with OG-RAG enhanced context,,0.7,2.699308156967163,A large crowd is a source of trouble.,"This translation captures the essence of the proverb, which suggests that having too many people or too much involvement can lead to complications or difficulties. It reflects a common cultural understanding that while community and gatherings are important, they can also bring about challenges.",0.8,1.7716498374938965,The most important sentence is ukia.,"{""model"": ""facebook/nllb-200-distilled-1.3B"", ""provider"": ""winstxnhdw-nllb-api"", ""api_version"": ""v4"", ""api_url"": ""https://winstxnhdw-nllb-api.hf.space/api/v4/translator"", ""source_lang"": ""kik_Latn"", ""target_lang"": ""eng_Latn"", ""training_data"": ""FLORES-200"", ""backend"": ""CTranslate2""}",0.9095110893249512,Your rules/where are.,2.326366901397705,2025-10-06T23:38:43.212123,14
MW_008,Ciringi imurikagwo na ingi.,"To get money, you have to spend money.",,"```json
{
    ""translation"": ""A single tree does not make a forest."",
    ""cultural_meaning"": ""This proverb emphasizes the importance of community and collaboration. It reflects the Kikuyu belief that individual efforts are not enough; collective action and support are essential for achieving greater goals. It highlights the value of unity and interdependence within the community."",
    ""business_relevance"": ""In the context of business and entrepreneurship, this proverb underscores the significance of teamwork, partnerships, and networking. Success often comes from collaboration and leveraging the strengths of others, rather than relying solely on individual capabilities. Entrepreneurs are encouraged to build relationships and foster a supportive environment to thrive."",
    ""confidence_score"": 0.95
}
```",Generated with OG-RAG enhanced context,,0.7,7.3765130043029785,A single tree does not make a forest.,"This translation captures the essence of the proverb, which emphasizes the importance of community and collaboration. Just as a forest is made up of many trees, so too are achievements and success often the result of collective effort rather than individual action.",0.9,2.021595001220703,The circle is illuminated by other light.,"{""model"": ""facebook/nllb-200-distilled-1.3B"", ""provider"": ""winstxnhdw-nllb-api"", ""api_version"": ""v4"", ""api_url"": ""https://winstxnhdw-nllb-api.hf.space/api/v4/translator"", ""source_lang"": ""kik_Latn"", ""target_lang"": ""eng_Latn"", ""training_data"": ""FLORES-200"", ""backend"": ""CTranslate2""}",1.426745891571045,Blessed is the savior and a lot.,1.6066319942474365,2025-10-06T23:38:55.644569,15
MW_008,Ciringi imurikagwo na ingi.,"To get money, you have to spend money.","Use money, make money.","```json
{
    ""translation"": ""A single hand cannot lift a heavy load."",
    ""cultural_meaning"": ""This proverb emphasizes the importance of community and collaboration in Kikuyu culture. It reflects the belief that collective effort and support are essential for overcoming challenges and achieving significant goals. It highlights the value placed on unity and teamwork within the community."",
    ""business_relevance"": ""In the context of business and entrepreneurship, this proverb underscores the necessity of collaboration and partnership. Successful ventures often rely on teamwork, networking, and the pooling of resources and skills. It serves as a reminder that individual efforts may be limited, but together, people can achieve greater success."",
    ""confidence_score"": 0.95
}
```",Generated with OG-RAG enhanced context,,0.7,12.011707782745361,A single tree does not make a forest.,"This proverb emphasizes the importance of community and collaboration. It suggests that individual efforts alone are insufficient; rather, it is the collective strength and unity that lead to greater achievements. The imagery of a forest, which consists of many trees, reinforces the idea that together we can create something much larger and more impactful than we could alone.",0.9,4.023721933364868,The circle is illuminated by other light.,"{""model"": ""facebook/nllb-200-distilled-1.3B"", ""provider"": ""winstxnhdw-nllb-api"", ""api_version"": ""v4"", ""api_url"": ""https://winstxnhdw-nllb-api.hf.space/api/v4/translator"", ""source_lang"": ""kik_Latn"", ""target_lang"": ""eng_Latn"", ""training_data"": ""FLORES-200"", ""backend"": ""CTranslate2""}",0.8559701442718506,Blessed is the savior and a lot.,1.6020760536193848,2025-10-06T23:39:14.139134,16
MW_009,Gicigo kia mugunda gitinyihaga.,A piece of land is not a little thing,,"```json
{
    ""translation"": ""The work of a farmer is never in vain."",
    ""cultural_meaning"": ""This proverb emphasizes the value of hard work and perseverance in Kikuyu culture. It reflects the belief that diligent effort, particularly in farming and other endeavors, will ultimately yield positive results. It underscores the importance of commitment to one's responsibilities and the rewards that come from consistent labor."",
    ""business_relevance"": ""In the context of business and entrepreneurship, this proverb highlights the significance of dedication and hard work in achieving success. It serves as a reminder that while immediate results may not always be visible, sustained effort and commitment to one's goals will lead to fruitful outcomes. Entrepreneurs can draw inspiration from this wisdom to remain resilient in the face of challenges and to invest time and resources into their ventures."",
    ""confidence_score"": 0.95
}
```",Generated with OG-RAG enhanced context,,0.7,3.3727519512176514,The farmer's work does not go unnoticed.,"This translation captures the essence of the proverb, which emphasizes that the efforts and hard work of a farmer (or any individual) will eventually be recognized or rewarded, even if it is not immediately apparent. It reflects the value placed on diligence and perseverance in Kikuyu culture.",0.9,2.029956817626953,The mountain is trembling.,"{""model"": ""facebook/nllb-200-distilled-1.3B"", ""provider"": ""winstxnhdw-nllb-api"", ""api_version"": ""v4"", ""api_url"": ""https://winstxnhdw-nllb-api.hf.space/api/v4/translator"", ""source_lang"": ""kik_Latn"", ""target_lang"": ""eng_Latn"", ""training_data"": ""FLORES-200"", ""backend"": ""CTranslate2""}",1.239473819732666,Gicigo Kia Mugunda Gitinyiwa.,2.2126481533050537,2025-10-06T23:39:22.995033,17
MW_009,Gicigo kia mugunda gitinyihaga.,A piece of land is not a little thing.,"Life has no rest, only toil.","```json
{
    ""translation"": ""The work of a farmer does not go unrewarded."",
    ""cultural_meaning"": ""This proverb emphasizes the value of hard work and perseverance in Kikuyu culture. It reflects the belief that diligent effort will ultimately yield positive results, reinforcing the importance of commitment and resilience in one's endeavors."",
    ""business_relevance"": ""In the context of business and entrepreneurship, this proverb highlights the significance of putting in consistent effort and dedication to achieve success. It serves as a reminder that while immediate results may not always be visible, sustained hard work will eventually lead to fruitful outcomes, encouraging entrepreneurs to stay focused and motivated."",
    ""confidence_score"": 0.95
}
```",Generated with OG-RAG enhanced context,,0.7,3.635512113571167,The farmer's work does not go unrewarded.,"This translation captures the essence of the proverb, suggesting that hard work, particularly in farming, will eventually yield positive results. It reflects the value placed on diligence and perseverance in agricultural practices, which are central to Kikuyu culture.",0.9,2.0491907596588135,The mountain is trembling.,"{""model"": ""facebook/nllb-200-distilled-1.3B"", ""provider"": ""winstxnhdw-nllb-api"", ""api_version"": ""v4"", ""api_url"": ""https://winstxnhdw-nllb-api.hf.space/api/v4/translator"", ""source_lang"": ""kik_Latn"", ""target_lang"": ""eng_Latn"", ""training_data"": ""FLORES-200"", ""backend"": ""CTranslate2""}",1.0344960689544678,Gicigo Kia Mugunda Gitinyiwa.,1.526365041732788,2025-10-06T23:39:31.241640,18
MW_010,Githaka ni ngwatira.,Land is inalienable (from the clan).,,"```json
{
    ""translation"": ""The path is made by walking."",
    ""cultural_meaning"": ""This proverb emphasizes the importance of taking initiative and action in life. It reflects the Kikuyu belief that progress and success come from actively engaging in one's endeavors rather than waiting for opportunities to present themselves. It underscores the value of perseverance and the idea that experience is gained through action."",
    ""business_relevance"": ""In the context of business and entrepreneurship, this proverb highlights the necessity of taking the first steps towards a goal. It encourages entrepreneurs to start their ventures, learn from their experiences, and adapt as they progress. It suggests that success is not merely about planning but about executing and learning through the journey."",
    ""confidence_score"": 0.95
}
```",Generated with OG-RAG enhanced context,,0.7,3.5350611209869385,A friend is a treasure.,"This translation captures the essence of the proverb, emphasizing the value of friendship and the importance of having supportive relationships in one's life. The term 'ngwatira' suggests something precious and valuable, akin to a treasure.",0.9,2.6001899242401123,The soil is a pothole.,"{""model"": ""facebook/nllb-200-distilled-1.3B"", ""provider"": ""winstxnhdw-nllb-api"", ""api_version"": ""v4"", ""api_url"": ""https://winstxnhdw-nllb-api.hf.space/api/v4/translator"", ""source_lang"": ""kik_Latn"", ""target_lang"": ""eng_Latn"", ""training_data"": ""FLORES-200"", ""backend"": ""CTranslate2""}",1.437628984451294,Githaka is my beter.,1.4559590816497803,2025-10-06T23:39:40.271528,19
MW_010,Githaka ni ngwatira.,Land is inalienable (from the clan).,Owning property is a right.,"```json
{
    ""translation"": ""A good harvest is a result of hard work."",
    ""cultural_meaning"": ""This proverb emphasizes the importance of diligence and effort in achieving success. In Kikuyu culture, hard work is highly valued, and it is believed that the fruits of one's labor are directly proportional to the effort put in. It reflects a deep-rooted belief in the connection between perseverance and prosperity."",
    ""business_relevance"": ""In the context of business and entrepreneurship, this proverb serves as a reminder that success does not come without effort. Entrepreneurs are encouraged to invest time and energy into their ventures, as the rewards will reflect their commitment and hard work. It also highlights the importance of resilience and determination in overcoming challenges."",
    ""confidence_score"": 0.95
}
```",Generated with OG-RAG enhanced context,,0.7,4.274973154067993,A river does not flow without a source.,"This translation captures the essence of the proverb, which suggests that every outcome or situation has a cause or origin. It emphasizes the importance of recognizing the roots of events or circumstances in life.",0.9,1.439803123474121,The soil is a pothole.,"{""model"": ""facebook/nllb-200-distilled-1.3B"", ""provider"": ""winstxnhdw-nllb-api"", ""api_version"": ""v4"", ""api_url"": ""https://winstxnhdw-nllb-api.hf.space/api/v4/translator"", ""source_lang"": ""kik_Latn"", ""target_lang"": ""eng_Latn"", ""training_data"": ""FLORES-200"", ""backend"": ""CTranslate2""}",0.8353137969970703,Githaka is my beter.,1.7492778301239014,2025-10-06T23:39:48.572001,20
MW_011,Gitonga kigiragio iganjo gikaarima,The rich man cannot be prevented from cultivating the “iganjo”he wants.,,"```json
{
    ""translation"": ""A wise person knows how to manage their resources wisely."",
    ""cultural_meaning"": ""This proverb emphasizes the importance of wisdom and prudence in handling one's possessions and opportunities. In Kikuyu culture, it reflects the value placed on foresight and careful planning, suggesting that those who are wise will ensure their resources are utilized effectively for future benefit."",
    ""business_relevance"": ""In the context of business and entrepreneurship, this proverb highlights the necessity of strategic resource management. Entrepreneurs are encouraged to be wise in their decisions, ensuring that they allocate their resources—be it time, money, or human capital—in a manner that maximizes potential returns and sustains growth."",
    ""confidence_score"": 0.95
}
```",Generated with OG-RAG enhanced context,,0.7,2.6308460235595703,A person who does not ask questions will not learn.,"This translation captures the essence of the proverb, which emphasizes the importance of curiosity and inquiry in the learning process. It suggests that without seeking knowledge or clarification, one will remain uninformed or stagnant.",0.8,1.740727186203003,The rich are not allowed to go to the fields,"{""model"": ""facebook/nllb-200-distilled-1.3B"", ""provider"": ""winstxnhdw-nllb-api"", ""api_version"": ""v4"", ""api_url"": ""https://winstxnhdw-nllb-api.hf.space/api/v4/translator"", ""source_lang"": ""kik_Latn"", ""target_lang"": ""eng_Latn"", ""training_data"": ""FLORES-200"", ""backend"": ""CTranslate2""}",1.3631391525268555,Gitonga Kigiragio Iganjo Gikaarima,1.2918510437011719,2025-10-06T23:39:55.602594,21
MW_011,Gitonga kigiragio iganjo gikaarima,The rich man cannot be prevented from cultivating the “iganjo”he wants.,Might is right.,"```json
{
    ""translation"": ""A person who is patient will reap the rewards of their hard work."",
    ""cultural_meaning"": ""This proverb emphasizes the value of patience and perseverance in achieving one's goals. In Kikuyu culture, it reflects the belief that enduring challenges and waiting for the right moment will lead to success and fulfillment."",
    ""business_relevance"": ""In the context of business and entrepreneurship, this proverb highlights the importance of patience in the face of setbacks and the necessity of long-term planning. Entrepreneurs are encouraged to remain steadfast and committed to their vision, understanding that success often takes time and consistent effort."",
    ""confidence_score"": 0.95
}
```",Generated with OG-RAG enhanced context,,0.7,2.566761016845703,A person who does not cultivate their land will not reap a harvest.,"This translation captures the essence of the proverb, which emphasizes the importance of hard work and effort in achieving success. It suggests that without putting in the necessary work, one cannot expect to gain rewards or benefits.",0.9,2.0476651191711426,The rich are not allowed to go to the fields,"{""model"": ""facebook/nllb-200-distilled-1.3B"", ""provider"": ""winstxnhdw-nllb-api"", ""api_version"": ""v4"", ""api_url"": ""https://winstxnhdw-nllb-api.hf.space/api/v4/translator"", ""source_lang"": ""kik_Latn"", ""target_lang"": ""eng_Latn"", ""training_data"": ""FLORES-200"", ""backend"": ""CTranslate2""}",0.8338088989257812,Gitonga Kigiragio Iganjo Gikaarima,2.1473538875579834,2025-10-06T23:40:03.199131,22
MW_012,Gitonga kiriaga munyuko.,A wealthy man eats only a dying goat undesirable food,,"```json
{
    ""translation"": ""A leader is known by their actions."",
    ""cultural_meaning"": ""This proverb emphasizes the importance of integrity and accountability in leadership. In Kikuyu culture, a true leader is one whose deeds reflect their words, highlighting the value of trust and responsibility within the community."",
    ""business_relevance"": ""In the context of business and entrepreneurship, this proverb underscores the necessity for leaders to lead by example. Entrepreneurs who demonstrate commitment, ethical behavior, and transparency are more likely to inspire trust and loyalty among their employees and customers, ultimately leading to sustainable success."",
    ""confidence_score"": 0.95
}
```",Generated with OG-RAG enhanced context,,0.7,3.5061991214752197,A goat that is tied will not graze freely.,"This translation captures the essence of the proverb, which implies that restrictions or limitations prevent one from fully utilizing their potential or resources. It reflects the idea that freedom is essential for growth and prosperity.",0.8,1.9084038734436035,Wealth is a commodity.,"{""model"": ""facebook/nllb-200-distilled-1.3B"", ""provider"": ""winstxnhdw-nllb-api"", ""api_version"": ""v4"", ""api_url"": ""https://winstxnhdw-nllb-api.hf.space/api/v4/translator"", ""source_lang"": ""kik_Latn"", ""target_lang"": ""eng_Latn"", ""training_data"": ""FLORES-200"", ""backend"": ""CTranslate2""}",1.3307299613952637,Gitonga Kiriaga Municipality.,0.9727189540863037,2025-10-06T23:40:10.918230,23
MW_012,Gitonga kiriaga munyuko.,A wealthy man eats only a dying goat (very thin with tough meat)/undesirable food.,Relentless quest for wealth can often be meaningless.,"```json
{
    ""translation"": ""A person who is diligent will reap the rewards."",
    ""cultural_meaning"": ""This proverb emphasizes the value of hard work and perseverance in Kikuyu culture. It reflects the belief that those who put in effort and dedication will ultimately achieve success and prosperity. It serves as a reminder that success is not merely a matter of luck but is rooted in one's commitment and industriousness."",
    ""business_relevance"": ""In the context of business and entrepreneurship, this proverb underscores the importance of diligence and consistent effort in achieving goals. It encourages entrepreneurs to remain dedicated to their ventures, highlighting that success comes from hard work, strategic planning, and resilience in the face of challenges. It serves as a motivational principle for business leaders to inspire their teams to work diligently towards shared objectives."",
    ""confidence_score"": 0.95
}
```",Generated with OG-RAG enhanced context,,0.7,3.7819318771362305,A person who is wise knows how to navigate challenges.,The proverb suggests that wisdom involves understanding how to deal with difficulties or obstacles in life. It emphasizes the importance of intelligence and strategy in overcoming challenges.,0.8,2.1053731441497803,Wealth is a commodity.,"{""model"": ""facebook/nllb-200-distilled-1.3B"", ""provider"": ""winstxnhdw-nllb-api"", ""api_version"": ""v4"", ""api_url"": ""https://winstxnhdw-nllb-api.hf.space/api/v4/translator"", ""source_lang"": ""kik_Latn"", ""target_lang"": ""eng_Latn"", ""training_data"": ""FLORES-200"", ""backend"": ""CTranslate2""}",0.8524911403656006,Gitonga Kiriaga Municipality.,0.7921700477600098,2025-10-06T23:40:18.451246,24
MW_013,"Gukiaga na gutonga ititiganaga. GJW G 59, Ba 73) WM",Poverty and riches do not leave each other.,,"```json
{
    ""translation"": ""One who does not take action will not achieve anything."",
    ""cultural_meaning"": ""This proverb emphasizes the importance of initiative and proactivity in Kikuyu culture. It reflects the belief that success is not handed to individuals but must be pursued through effort and determination. In Kikuyu tradition, taking responsibility for one's actions and decisions is a core value, highlighting the need for individuals to engage actively in their endeavors."",
    ""business_relevance"": ""In the context of business and entrepreneurship, this proverb serves as a reminder that success requires taking calculated risks and making decisive moves. Entrepreneurs are encouraged to take initiative, innovate, and not shy away from challenges. The wisdom here underscores that without action, opportunities may be lost, and growth may stagnate."",
    ""confidence_score"": 0.95
}
```",Generated with OG-RAG enhanced context,,0.7,4.088985919952393,One who does not climb will not reach the top.,"This proverb emphasizes the importance of effort and taking initiative in order to achieve success. It suggests that without making the effort to pursue one's goals, one cannot expect to attain them.",0.9,1.7409038543701172,The rich and the poor are not separate.,"{""model"": ""facebook/nllb-200-distilled-1.3B"", ""provider"": ""winstxnhdw-nllb-api"", ""api_version"": ""v4"", ""api_url"": ""https://winstxnhdw-nllb-api.hf.space/api/v4/translator"", ""source_lang"": ""kik_Latn"", ""target_lang"": ""eng_Latn"", ""training_data"": ""FLORES-200"", ""backend"": ""CTranslate2""}",1.9292984008789062,"He snorted in tiganga. GJW G 59, ba 73) wm",1.757460117340088,2025-10-06T23:40:27.968837,25
MW_013,"Gukiaga na gutonga ititiganaga. GJW G 59, Ba 73) WM",Poverty and riches do not leave each other.,"When prosperity comes, do not use all of it.","```json
{
    ""translation"": ""One who does not take action will not achieve anything."",
    ""cultural_meaning"": ""This proverb emphasizes the importance of initiative and effort in achieving success. In Kikuyu culture, there is a strong belief that one must actively pursue their goals rather than waiting for opportunities to come. It reflects the values of hard work, perseverance, and the understanding that success is a result of one's actions."",
    ""business_relevance"": ""In the context of business and entrepreneurship, this proverb underscores the necessity of taking proactive steps to realize one's ambitions. It encourages entrepreneurs to be bold, make decisions, and take calculated risks rather than remaining passive. This mindset is crucial for innovation, growth, and overcoming challenges in the business landscape."",
    ""confidence_score"": 0.95
}
```",Generated with OG-RAG enhanced context,,0.7,3.4648823738098145,A person who does not climb will not reach the top.,"This translation captures the essence of the proverb, which emphasizes the importance of effort and taking initiative in order to achieve success. It suggests that without taking risks or making an effort, one cannot expect to attain their goals.",0.85,2.9689409732818604,The rich and the poor are not separate.,"{""model"": ""facebook/nllb-200-distilled-1.3B"", ""provider"": ""winstxnhdw-nllb-api"", ""api_version"": ""v4"", ""api_url"": ""https://winstxnhdw-nllb-api.hf.space/api/v4/translator"", ""source_lang"": ""kik_Latn"", ""target_lang"": ""eng_Latn"", ""training_data"": ""FLORES-200"", ""backend"": ""CTranslate2""}",0.8654680252075195,"He snorted in tiganga. GJW G 59, ba 73) wm",0.3347432613372803,2025-10-06T23:40:35.603865,26
MW_014,Gutiri kiega kiumaga heega.,"There is nothing that is of worth, that is obtained from the comfort corner.",,"```json
{
    ""translation"": ""There is no success without effort."",
    ""cultural_meaning"": ""This proverb emphasizes the importance of hard work and perseverance in achieving one's goals. In Kikuyu culture, it reflects the belief that success is not handed to individuals; rather, it is earned through dedication and commitment. It serves as a reminder that challenges are a natural part of the journey toward success."",
    ""business_relevance"": ""In the context of business and entrepreneurship, this proverb underscores the necessity of putting in the required effort to build and sustain a successful venture. It encourages entrepreneurs to embrace hard work, resilience, and a proactive approach to overcoming obstacles, which are essential qualities for thriving in a competitive market."",
    ""confidence_score"": 0.95
}
```",Generated with OG-RAG enhanced context,,0.7,3.8577897548675537,There is no path that does not have its challenges.,"This translation captures the essence of the proverb, which suggests that every journey or endeavor will encounter difficulties. It emphasizes the inevitability of obstacles in life, reflecting a common theme in many cultures about perseverance and resilience.",0.85,1.8797740936279297,The good will be rewarded.,"{""model"": ""facebook/nllb-200-distilled-1.3B"", ""provider"": ""winstxnhdw-nllb-api"", ""api_version"": ""v4"", ""api_url"": ""https://winstxnhdw-nllb-api.hf.space/api/v4/translator"", ""source_lang"": ""kik_Latn"", ""target_lang"": ""eng_Latn"", ""training_data"": ""FLORES-200"", ""backend"": ""CTranslate2""}",1.5630710124969482,Gutiri Kiega with fiber.,1.4028370380401611,2025-10-06T23:40:44.308345,27
MW_014,Gutiri kiega kiumaga heega.,"There is nothing that is of worth, that is obtained from the comfort corner.",Nothing of value is given on a silver platter.,"```json
{
    ""translation"": ""There is no shortcut to success."",
    ""cultural_meaning"": ""This proverb emphasizes the importance of hard work and perseverance in achieving one's goals. In Kikuyu culture, it reflects the belief that success is earned through dedication and effort, rather than through quick fixes or easy paths."",
    ""business_relevance"": ""In the context of business and entrepreneurship, this wisdom highlights the necessity of commitment and diligence in building a successful venture. It serves as a reminder that sustainable growth and achievement come from consistent effort and strategic planning, rather than seeking immediate rewards or shortcuts."",
    ""confidence_score"": 0.95
}
```",Generated with OG-RAG enhanced context,,0.7,2.859722137451172,There is no shortcut to success.,"This translation captures the essence of the proverb, which emphasizes that achieving success requires effort and cannot be attained through easy or quick means. The phrase 'kiega' refers to a shortcut, while 'kiumaga heega' implies the process of achieving something significant.",0.9,6.706021070480347,The good will be rewarded.,"{""model"": ""facebook/nllb-200-distilled-1.3B"", ""provider"": ""winstxnhdw-nllb-api"", ""api_version"": ""v4"", ""api_url"": ""https://winstxnhdw-nllb-api.hf.space/api/v4/translator"", ""source_lang"": ""kik_Latn"", ""target_lang"": ""eng_Latn"", ""training_data"": ""FLORES-200"", ""backend"": ""CTranslate2""}",0.9339978694915771,Gutiri Kiega with fiber.,0.9406869411468506,2025-10-06T23:40:55.749732,28
MW_015,"Gutiri mburi itangiracio, tiga inawathe.","Any goat can serve as brideswealth, unless it has a defect.",,"```json
{
    ""translation"": ""There is no goat that does not have its own path."",
    ""cultural_meaning"": ""This proverb emphasizes the importance of individuality and the unique journey each person or entity must take. In Kikuyu culture, it reflects the belief that everyone has their own strengths and opportunities, and one should not compare themselves to others but rather focus on their own path and potential."",
    ""business_relevance"": ""In the context of business and entrepreneurship, this proverb highlights the significance of carving out one's own niche in the market. It encourages entrepreneurs to recognize their unique value propositions and to pursue their distinct business strategies rather than imitating others. It serves as a reminder that success comes from understanding and leveraging one's unique capabilities."",
    ""confidence_score"": 0.95
}
```",Generated with OG-RAG enhanced context,,0.7,3.683260202407837,There is no goat that does not have its own path.,"This translation captures the essence of the proverb, which implies that everyone has their own way or journey in life, and it emphasizes individuality and the uniqueness of each person's experiences.",0.8,2.0713348388671875,"If you do not know the beginning of the things, keep them.","{""model"": ""facebook/nllb-200-distilled-1.3B"", ""provider"": ""winstxnhdw-nllb-api"", ""api_version"": ""v4"", ""api_url"": ""https://winstxnhdw-nllb-api.hf.space/api/v4/translator"", ""source_lang"": ""kik_Latn"", ""target_lang"": ""eng_Latn"", ""training_data"": ""FLORES-200"", ""backend"": ""CTranslate2""}",2.1993441581726074,"Gutiri Mburi Itangiracio, three inwathe.",2.2475521564483643,2025-10-06T23:41:05.952251,29
MW_015,Gutiri mburi itangiracio tiga inawathe.,Any goat can serve as brideswealth unless it has a defect.,The value of a wife is very great and can only be symbolized by the best choice of the present given to the in-law.,"```json
{
    ""translation"": ""There is no goat that does not have a tail."",
    ""cultural_meaning"": ""This proverb emphasizes the idea that everyone has their own unique traits or qualities, much like how every goat has a tail. It reflects the Kikuyu belief in individuality and the importance of recognizing and valuing one's own strengths and weaknesses."",
    ""business_relevance"": ""In the context of business and entrepreneurship, this proverb serves as a reminder that every individual or business has its unique advantages and challenges. Embracing one's distinct qualities can lead to innovation and success, as it encourages entrepreneurs to leverage their unique skills and perspectives in the marketplace."",
    ""confidence_score"": 0.95
}
```",Generated with OG-RAG enhanced context,,0.7,3.535543918609619,There is no goat that does not have a reason for its bleating.,"This proverb suggests that every action or behavior has an underlying reason or motivation. In a cultural context, it reflects the idea that individuals or groups may act in certain ways due to specific circumstances or pressures, encouraging understanding and empathy towards others' actions.",0.9,2.7721331119537354,The first warning is only the beginning.,"{""model"": ""facebook/nllb-200-distilled-1.3B"", ""provider"": ""winstxnhdw-nllb-api"", ""api_version"": ""v4"", ""api_url"": ""https://winstxnhdw-nllb-api.hf.space/api/v4/translator"", ""source_lang"": ""kik_Latn"", ""target_lang"": ""eng_Latn"", ""training_data"": ""FLORES-200"", ""backend"": ""CTranslate2""}",1.7862370014190674,Gutiri Mburi Itangiracio Three Inawathe.,0.9192020893096924,2025-10-06T23:41:14.966362,30
MW_016,Gutiri munini mukia.,No young person can be considered poor.,,"```json
{
    ""translation"": ""There is no one who can succeed alone."",
    ""cultural_meaning"": ""This proverb emphasizes the importance of community and collaboration in achieving success. In Kikuyu culture, it is understood that individual efforts are often supported and enhanced by the collective strength and cooperation of others. It reflects the value placed on relationships, mutual support, and the interconnectedness of individuals within the community."",
    ""business_relevance"": ""In the context of business and entrepreneurship, this proverb highlights the necessity of teamwork, networking, and building partnerships. Successful ventures often rely on collaboration with others, whether through forming alliances, seeking mentorship, or engaging with customers and stakeholders. It serves as a reminder that leveraging collective resources and knowledge can lead to greater achievements than solitary efforts."",
    ""confidence_score"": 0.95
}
```",Generated with OG-RAG enhanced context,,0.7,3.685068130493164,There is no one without a flaw.,"This translation captures the essence of the proverb, which suggests that everyone has imperfections or shortcomings. It reflects a common understanding that no one is perfect and encourages humility and acceptance of human nature.",0.9,1.8890290260314941,The size of the tail.,"{""model"": ""facebook/nllb-200-distilled-1.3B"", ""provider"": ""winstxnhdw-nllb-api"", ""api_version"": ""v4"", ""api_url"": ""https://winstxnhdw-nllb-api.hf.space/api/v4/translator"", ""source_lang"": ""kik_Latn"", ""target_lang"": ""eng_Latn"", ""training_data"": ""FLORES-200"", ""backend"": ""CTranslate2""}",1.6293702125549316,Big guts in the way.,1.5196261405944824,2025-10-06T23:41:23.693888,31
MW_016,Gutiri munini mukia.,No young person can be considered poor.,"“Do what you can, with what you have, where you are.” — Theodore Roosevelt","```json
{
    ""translation"": ""There is no one who can succeed alone."",
    ""cultural_meaning"": ""This proverb emphasizes the importance of community and collaboration in Kikuyu culture. It reflects the belief that individual success is often dependent on the support and contributions of others. In traditional Kikuyu society, communal efforts were essential for survival and prosperity, highlighting the interconnectedness of individuals within the community."",
    ""business_relevance"": ""In the context of business and entrepreneurship, this proverb underscores the value of teamwork, partnerships, and networking. It suggests that successful ventures often rely on collaboration, shared resources, and mutual support. Entrepreneurs are encouraged to build strong relationships and leverage collective strengths to achieve common goals."",
    ""confidence_score"": 0.95
}
```",Generated with OG-RAG enhanced context,,0.7,3.7674059867858887,There is no one who is not a fool.,"This translation captures the essence of the proverb, which suggests that everyone has their moments of foolishness or ignorance, regardless of their status or intelligence. It highlights a universal human experience.",0.9,2.328552007675171,The size of the tail.,"{""model"": ""facebook/nllb-200-distilled-1.3B"", ""provider"": ""winstxnhdw-nllb-api"", ""api_version"": ""v4"", ""api_url"": ""https://winstxnhdw-nllb-api.hf.space/api/v4/translator"", ""source_lang"": ""kik_Latn"", ""target_lang"": ""eng_Latn"", ""training_data"": ""FLORES-200"", ""backend"": ""CTranslate2""}",0.8567891120910645,Big guts in the way.,0.36700010299682617,2025-10-06T23:41:31.014557,32
MW_017,Gutiri uthuire tiga akiaga.,"A man is poor not because he scorns possessions, but because he possesses nothing.",,"```json
{
    ""translation"": ""There is no success without effort."",
    ""cultural_meaning"": ""This proverb emphasizes the importance of hard work and perseverance in achieving one's goals. In Kikuyu culture, success is often seen as a result of dedication and commitment to one's endeavors, reflecting the community's values of resilience and industriousness."",
    ""business_relevance"": ""In the context of business and entrepreneurship, this proverb serves as a reminder that success does not come easily; it requires consistent effort, planning, and a willingness to overcome challenges. Entrepreneurs are encouraged to invest time and energy into their ventures to reap the rewards of their labor."",
    ""confidence_score"": 0.95
}
```",Generated with OG-RAG enhanced context,,0.7,2.8489930629730225,There is no one who does not have their own troubles.,"This translation captures the essence of the proverb, which conveys the idea that everyone faces challenges or difficulties in life, emphasizing the universality of struggle and the shared human experience.",0.9,2.649146318435669,The man was not able to get up and walk.,"{""model"": ""facebook/nllb-200-distilled-1.3B"", ""provider"": ""winstxnhdw-nllb-api"", ""api_version"": ""v4"", ""api_url"": ""https://winstxnhdw-nllb-api.hf.space/api/v4/translator"", ""source_lang"": ""kik_Latn"", ""target_lang"": ""eng_Latn"", ""training_data"": ""FLORES-200"", ""backend"": ""CTranslate2""}",2.024630069732666,Guti Uthuire Tiga leaving.,0.8024871349334717,2025-10-06T23:41:39.340849,33
MW_017,Gutiri uthuire tiga akiaga.,"A man is poor not because he scorns possessions, but because he possesses nothing.",Having nothing is a bitter reality.,"```json
{
    ""translation"": ""There is no success without hard work."",
    ""cultural_meaning"": ""This proverb emphasizes the Kikuyu belief that effort and diligence are essential for achieving one's goals. It reflects the community's values of perseverance and the understanding that nothing worthwhile comes easily."",
    ""business_relevance"": ""In the context of business and entrepreneurship, this proverb serves as a reminder that success is not merely a result of luck or opportunity but rather the outcome of consistent effort, dedication, and hard work. It encourages entrepreneurs to commit to their ventures and invest the necessary time and energy to realize their ambitions."",
    ""confidence_score"": 0.95
}
```",Generated with OG-RAG enhanced context,,0.7,3.070513963699341,There is no one who does not have a flaw.,"This translation captures the essence of the proverb, which suggests that everyone has their imperfections or weaknesses. It emphasizes the universality of human flaws, implying that no one is perfect.",0.9,2.110491991043091,The man was not able to get up and walk.,"{""model"": ""facebook/nllb-200-distilled-1.3B"", ""provider"": ""winstxnhdw-nllb-api"", ""api_version"": ""v4"", ""api_url"": ""https://winstxnhdw-nllb-api.hf.space/api/v4/translator"", ""source_lang"": ""kik_Latn"", ""target_lang"": ""eng_Latn"", ""training_data"": ""FLORES-200"", ""backend"": ""CTranslate2""}",0.8697719573974609,Guti Uthuire Tiga leaving.,1.0835449695587158,2025-10-06T23:41:46.476242,34
MW_018,Guthiina ti kuriita,To be poor does not connote being foolish.,,"```json
{
    ""translation"": ""A good deed is not forgotten."",
    ""cultural_meaning"": ""This proverb emphasizes the importance of kindness and generosity within the Kikuyu community. It reflects the belief that acts of goodwill create lasting bonds and are remembered positively, reinforcing the value of community and mutual support."",
    ""business_relevance"": ""In the context of business and entrepreneurship, this proverb highlights the significance of building relationships and trust. Acts of generosity and ethical behavior can lead to long-term partnerships and customer loyalty, which are crucial for sustainable success."",
    ""confidence_score"": 0.95
}
```",Generated with OG-RAG enhanced context,,0.7,3.4717040061950684,A fool does not learn from experience.,"This translation captures the essence of the proverb, which suggests that a wise person learns from their mistakes, while a fool continues to repeat them without gaining insight. The phrase emphasizes the importance of learning and growth through experience.",0.85,1.6793630123138428,Fear is not a curse,"{""model"": ""facebook/nllb-200-distilled-1.3B"", ""provider"": ""winstxnhdw-nllb-api"", ""api_version"": ""v4"", ""api_url"": ""https://winstxnhdw-nllb-api.hf.space/api/v4/translator"", ""source_lang"": ""kik_Latn"", ""target_lang"": ""eng_Latn"", ""training_data"": ""FLORES-200"", ""backend"": ""CTranslate2""}",1.5102992057800293,Gunininina to make it,1.6948721408843994,2025-10-06T23:41:54.833465,35
MW_018,Guthiina ti kuriita,To be poor does not connote being foolish.,“People take different roads seeking fulfillment and happiness. Just because they're not on your road doesn't mean they've gotten lost. DalaiLama,"```json
{
    ""translation"": ""A single hand cannot lift a heavy load."",
    ""cultural_meaning"": ""This proverb emphasizes the importance of collaboration and community support in achieving significant goals. In Kikuyu culture, it reflects the belief that collective effort is essential for success, highlighting the value of working together and relying on one another."",
    ""business_relevance"": ""In the context of business and entrepreneurship, this proverb underscores the necessity of teamwork and partnerships. It suggests that no individual can achieve great success alone; rather, building a strong network and fostering collaboration among team members, stakeholders, and the community is crucial for overcoming challenges and reaching ambitious objectives."",
    ""confidence_score"": 0.95
}
```",Generated with OG-RAG enhanced context,,0.7,2.937803030014038,A fool is not a fool forever,"This translation captures the essence of the proverb, which suggests that even those who may seem foolish can learn and grow over time. It reflects the idea that wisdom can come from experience and that people can change.",0.8,2.150177001953125,Fear is not a curse,"{""model"": ""facebook/nllb-200-distilled-1.3B"", ""provider"": ""winstxnhdw-nllb-api"", ""api_version"": ""v4"", ""api_url"": ""https://winstxnhdw-nllb-api.hf.space/api/v4/translator"", ""source_lang"": ""kik_Latn"", ""target_lang"": ""eng_Latn"", ""training_data"": ""FLORES-200"", ""backend"": ""CTranslate2""}",0.8894970417022705,Gunininina to make it,0.38668107986450195,2025-10-06T23:42:01.198613,36
MW_019,Guthinga kurugite gutonga.,Virtue is better than riches.,,"```json
{
    ""translation"": ""To gather together is to achieve success."",
    ""cultural_meaning"": ""This proverb emphasizes the importance of unity and collaboration within the Kikuyu community. It reflects the belief that collective effort leads to greater achievements than individual endeavors. In Kikuyu culture, working together is seen as a fundamental value that strengthens relationships and fosters communal growth."",
    ""business_relevance"": ""In the context of business and entrepreneurship, this proverb highlights the significance of teamwork, partnerships, and networking. Successful ventures often rely on the collaboration of diverse skills and resources. Entrepreneurs are encouraged to build strong teams and engage with their communities to enhance innovation and drive success."",
    ""confidence_score"": 0.95
}
```",Generated with OG-RAG enhanced context,,0.7,3.7728209495544434,To gather together is to lead.,"This translation captures the essence of the proverb, suggesting that unity and collaboration are essential for effective leadership and decision-making. It reflects the importance of community and collective effort in Kikuyu culture.",0.9,1.60589599609375,The rich are the poor.,"{""model"": ""facebook/nllb-200-distilled-1.3B"", ""provider"": ""winstxnhdw-nllb-api"", ""api_version"": ""v4"", ""api_url"": ""https://winstxnhdw-nllb-api.hf.space/api/v4/translator"", ""source_lang"": ""kik_Latn"", ""target_lang"": ""eng_Latn"", ""training_data"": ""FLORES-200"", ""backend"": ""CTranslate2""}",1.545461893081665,Guthingi Kurugite Kutonga.,0.7815067768096924,2025-10-06T23:42:08.905282,37
MW_019,Guthinga kurugite gutonga.,Virtue is better than riches.,Virtue is the only true nobility.,"```json
{
    ""translation"": ""To gather resources is to prepare for success."",
    ""cultural_meaning"": ""This proverb emphasizes the importance of preparation and resourcefulness in achieving one's goals. In Kikuyu culture, it reflects the value placed on hard work, foresight, and the collective effort of the community in ensuring prosperity."",
    ""business_relevance"": ""In the context of business and entrepreneurship, this proverb highlights the necessity of planning and resource management. Entrepreneurs are encouraged to gather the necessary tools, knowledge, and support before embarking on a venture, as this preparation is crucial for long-term success."",
    ""confidence_score"": 0.95
}
```",Generated with OG-RAG enhanced context,,0.7,3.044870138168335,To gather together is to be strong.,"This translation captures the essence of the proverb, which emphasizes the importance of unity and collaboration in achieving strength and success. The phrase 'guthinga kurugite' suggests coming together, while 'gutonga' implies strength or power.",0.9,5.356537103652954,The rich are the poor.,"{""model"": ""facebook/nllb-200-distilled-1.3B"", ""provider"": ""winstxnhdw-nllb-api"", ""api_version"": ""v4"", ""api_url"": ""https://winstxnhdw-nllb-api.hf.space/api/v4/translator"", ""source_lang"": ""kik_Latn"", ""target_lang"": ""eng_Latn"", ""training_data"": ""FLORES-200"", ""backend"": ""CTranslate2""}",0.9436438083648682,Guthingi Kurugite Kutonga.,0.3580770492553711,2025-10-06T23:42:18.609424,38
MW_020,Gutiri mbura itari gitonga kiayo.,There is no rain that does not bring wealth to someone.,,"```json
{
    ""translation"": ""There is no rain without a cloud."",
    ""cultural_meaning"": ""This proverb emphasizes the idea that good outcomes or successes do not happen in isolation; they require the right conditions or preparations. It reflects the Kikuyu belief in the interconnectedness of actions and results, highlighting the importance of patience and diligence in achieving goals."",
    ""business_relevance"": ""In the context of business and entrepreneurship, this proverb serves as a reminder that success is often the result of careful planning, hard work, and the right environment. Entrepreneurs should recognize that they need to create the necessary conditions for their ventures to thrive, whether through market research, building a strong team, or fostering relationships."",
    ""confidence_score"": 0.95
}
```",Generated with OG-RAG enhanced context,,0.7,4.381942987442017,There is no rain that does not bring its own blessings.,"This translation captures the essence of the proverb, which suggests that even challenges or difficulties (represented by rain) can lead to positive outcomes or benefits (the blessings). It reflects a cultural understanding that hardships can lead to growth or good fortune.",0.8,1.8862409591674805,Let it rain without its riches.,"{""model"": ""facebook/nllb-200-distilled-1.3B"", ""provider"": ""winstxnhdw-nllb-api"", ""api_version"": ""v4"", ""api_url"": ""https://winstxnhdw-nllb-api.hf.space/api/v4/translator"", ""source_lang"": ""kik_Latn"", ""target_lang"": ""eng_Latn"", ""training_data"": ""FLORES-200"", ""backend"": ""CTranslate2""}",1.7991642951965332,Baku I miss it's not about it.,1.5812690258026123,2025-10-06T23:42:28.259063,39
MW_020,Gutiri mbura itari gitonga kiayo.,There is no rain that does not bring wealth to someone.,Everyone has their chance in life.,"```json
{
    ""translation"": ""There is no rain without a cloud."",
    ""cultural_meaning"": ""This proverb emphasizes that every positive outcome or success requires a precursor or a source. In Kikuyu culture, it reflects the understanding that good things do not come from nowhere; they are the result of preparation, effort, and the right conditions. It teaches the importance of patience and the need to cultivate the right environment for success."",
    ""business_relevance"": ""In the context of business and entrepreneurship, this proverb highlights the necessity of laying a solid foundation before expecting results. Entrepreneurs must invest time, resources, and effort into their ventures, understanding that success is often the result of hard work and strategic planning. It serves as a reminder that one must create the right conditions for growth and opportunity."",
    ""confidence_score"": 0.95
}
```",Generated with OG-RAG enhanced context,,0.7,4.291389226913452,There is no rain that does not bring its own blessings.,"This translation captures the essence of the proverb, which suggests that even challenges or difficulties (symbolized by rain) can lead to positive outcomes or benefits (blessings). It reflects a perspective of resilience and optimism in the face of adversity.",0.85,2.288877010345459,Let it rain without its riches.,"{""model"": ""facebook/nllb-200-distilled-1.3B"", ""provider"": ""winstxnhdw-nllb-api"", ""api_version"": ""v4"", ""api_url"": ""https://winstxnhdw-nllb-api.hf.space/api/v4/translator"", ""source_lang"": ""kik_Latn"", ""target_lang"": ""eng_Latn"", ""training_data"": ""FLORES-200"", ""backend"": ""CTranslate2""}",0.8428871631622314,Baku I miss it's not about it.,0.37343573570251465,2025-10-06T23:42:36.056705,40
MW_021,Gutiri ngia itari muthenya wayo.,Every poor person has his day.,,"```json
{
    ""translation"": ""There is no path that does not lead to your destination."",
    ""cultural_meaning"": ""This proverb emphasizes the importance of perseverance and the belief that every effort, no matter how small, contributes to achieving one's goals. It reflects the Kikuyu value of resilience and the understanding that success is a journey with various routes."",
    ""business_relevance"": ""In the context of business and entrepreneurship, this wisdom highlights that there are multiple ways to achieve success. Entrepreneurs should be open to exploring different strategies and paths, understanding that setbacks and diversions are part of the journey. It encourages adaptability and persistence in pursuing business objectives."",
    ""confidence_score"": 0.95
}
```",Generated with OG-RAG enhanced context,,0.7,3.3361358642578125,There is no path that does not lead to your destination.,"This translation captures the essence of the proverb, which suggests that every effort or journey, no matter how difficult, ultimately leads to a goal or outcome. It reflects the idea of perseverance and the inevitability of reaching one's destination through various means.",0.9,2.088955879211426,The day of the game is not yet.,"{""model"": ""facebook/nllb-200-distilled-1.3B"", ""provider"": ""winstxnhdw-nllb-api"", ""api_version"": ""v4"", ""api_url"": ""https://winstxnhdw-nllb-api.hf.space/api/v4/translator"", ""source_lang"": ""kik_Latn"", ""target_lang"": ""eng_Latn"", ""training_data"": ""FLORES-200"", ""backend"": ""CTranslate2""}",2.000028133392334,Gutija is not its own layer.,0.9313390254974365,2025-10-06T23:42:44.418059,41
MW_021,Gutiri ngia itari muthenya wayo.,Every poor person has his day.,"No situation is permanent. ""That some achieve great success, is proof to all that others can achieve it as well."" Abraham Lincoln","```json
{
    ""translation"": ""There is no path that does not lead to your destination."",
    ""cultural_meaning"": ""This proverb emphasizes the importance of perseverance and the belief that every effort, no matter how small, contributes to achieving one's goals. It reflects the Kikuyu value of resilience and the understanding that challenges are part of the journey."",
    ""business_relevance"": ""In the context of business and entrepreneurship, this wisdom encourages entrepreneurs to remain steadfast in their pursuits, recognizing that every step taken, even if it seems insignificant, is a step toward success. It highlights the importance of persistence and adaptability in navigating the complexities of business."",
    ""confidence_score"": 0.95
}
```",Generated with OG-RAG enhanced context,,0.7,3.6310629844665527,There is no path that does not lead to your destination.,"This translation captures the essence of the proverb, which suggests that every effort or journey, no matter how difficult or indirect, ultimately leads to a goal or outcome. It reflects the idea of perseverance and the inevitability of reaching one's objectives.",0.9,2.3027846813201904,The day of the game is not yet.,"{""model"": ""facebook/nllb-200-distilled-1.3B"", ""provider"": ""winstxnhdw-nllb-api"", ""api_version"": ""v4"", ""api_url"": ""https://winstxnhdw-nllb-api.hf.space/api/v4/translator"", ""source_lang"": ""kik_Latn"", ""target_lang"": ""eng_Latn"", ""training_data"": ""FLORES-200"", ""backend"": ""CTranslate2""}",0.8967268466949463,Gutija is not its own layer.,0.3412151336669922,2025-10-06T23:42:51.590819,42
MW_022,Gutiri uriragio ni utonga no ukia.,"Nobody grumbles at being rich, only at being poor",,"```json
{
    ""translation"": ""There is no success without effort and perseverance."",
    ""cultural_meaning"": ""This proverb emphasizes the importance of hard work and determination in achieving one's goals. In Kikuyu culture, it reflects the belief that success is not handed to anyone; rather, it is earned through consistent effort and resilience. It serves as a reminder that challenges are part of the journey, and overcoming them is essential for growth."",
    ""business_relevance"": ""In the context of business and entrepreneurship, this proverb highlights the necessity of dedication and persistence in the face of obstacles. Entrepreneurs are encouraged to invest time and energy into their ventures, understanding that success is a result of continuous effort. It reinforces the idea that setbacks should be viewed as opportunities for learning and improvement."",
    ""confidence_score"": 0.95
}
```",Generated with OG-RAG enhanced context,,0.7,7.7222137451171875,There is no wisdom without experience.,"This translation captures the essence of the proverb, which emphasizes that true understanding and knowledge come from lived experiences rather than theoretical knowledge alone. It reflects the value placed on practical wisdom in Kikuyu culture.",0.9,2.0477750301361084,The people of the land were very proud of him.,"{""model"": ""facebook/nllb-200-distilled-1.3B"", ""provider"": ""winstxnhdw-nllb-api"", ""api_version"": ""v4"", ""api_url"": ""https://winstxnhdw-nllb-api.hf.space/api/v4/translator"", ""source_lang"": ""kik_Latn"", ""target_lang"": ""eng_Latn"", ""training_data"": ""FLORES-200"", ""backend"": ""CTranslate2""}",1.8874602317810059,Gutiri urragio of the brain.,1.5008749961853027,2025-10-06T23:43:04.750073,43
MW_022,Gutiri uriragio ni utonga no ukia.,"Nobody grumbles at being rich, only at being poor.","“Seek not greater wealth, but simpler pleasure; not higher fortune, but deeper felicity.” ― Mahatma Gandhi","```json
{
    ""translation"": ""There is no success without effort and perseverance."",
    ""cultural_meaning"": ""This proverb emphasizes the Kikuyu belief that hard work and determination are essential for achieving one's goals. It reflects the community's values of resilience and the importance of putting in the necessary effort to reap rewards."",
    ""business_relevance"": ""In the context of business and entrepreneurship, this proverb underscores the necessity of dedication and hard work in building a successful enterprise. It serves as a reminder that success is not handed to anyone; it requires consistent effort and the willingness to overcome challenges."",
    ""confidence_score"": 0.95
}
```",Generated with OG-RAG enhanced context,,0.7,3.565492868423462,There is no wisdom without experience.,"This translation captures the essence of the proverb, which emphasizes the importance of practical experience in gaining true understanding or wisdom. It reflects the idea that theoretical knowledge alone is insufficient without the application of that knowledge in real-life situations.",0.9,2.1700899600982666,The people of the land were very proud of him.,"{""model"": ""facebook/nllb-200-distilled-1.3B"", ""provider"": ""winstxnhdw-nllb-api"", ""api_version"": ""v4"", ""api_url"": ""https://winstxnhdw-nllb-api.hf.space/api/v4/translator"", ""source_lang"": ""kik_Latn"", ""target_lang"": ""eng_Latn"", ""training_data"": ""FLORES-200"", ""backend"": ""CTranslate2""}",0.9093680381774902,Gutiri urragio of the brain.,0.924328088760376,2025-10-06T23:43:12.320305,44
MW_023,Gwa gitonga gucokagirirwo ni mambura.,The home of a rich man is revisited during a ceremony (especially burial).,,"```json
{
    ""translation"": ""What is meant to be will eventually come to pass."",
    ""cultural_meaning"": ""This proverb emphasizes the importance of patience and the belief that outcomes will unfold in their own time. It reflects the Kikuyu value of resilience and the understanding that not all things can be rushed; some processes require time and faith."",
    ""business_relevance"": ""In the context of business and entrepreneurship, this proverb teaches the value of perseverance and the understanding that success often requires time and sustained effort. Entrepreneurs are encouraged to remain patient and trust the process, knowing that their hard work will eventually yield results."",
    ""confidence_score"": 0.95
}
```",Generated with OG-RAG enhanced context,,0.7,3.195657968521118,What is meant to happen will happen.,"This translation captures the essence of the proverb, which suggests that certain events are destined to occur regardless of human intervention. It reflects a belief in fate or destiny, common in many cultures.",0.85,1.8606538772583008,The rich are repaid by rain.,"{""model"": ""facebook/nllb-200-distilled-1.3B"", ""provider"": ""winstxnhdw-nllb-api"", ""api_version"": ""v4"", ""api_url"": ""https://winstxnhdw-nllb-api.hf.space/api/v4/translator"", ""source_lang"": ""kik_Latn"", ""target_lang"": ""eng_Latn"", ""training_data"": ""FLORES-200"", ""backend"": ""CTranslate2""}",1.916198968887329,A sheep gacoriter of gacoculs.,1.6420440673828125,2025-10-06T23:43:20.935819,45
MW_023,Gwa gitonga gucokagirirwo ni mambura.,The home of a rich man is revisited during a ceremony (especially burial).,Show hospitality to one another without grumbling.,"```json
{
    ""translation"": ""What is meant to be will eventually come to pass."",
    ""cultural_meaning"": ""This proverb emphasizes the importance of patience and the belief that outcomes are often beyond our immediate control. It reflects the Kikuyu value of resilience and trust in the natural order of life, suggesting that one should remain steadfast and hopeful even in challenging times."",
    ""business_relevance"": ""In the context of business and entrepreneurship, this proverb highlights the significance of perseverance and the understanding that success may take time. Entrepreneurs are encouraged to remain committed to their goals, trusting that their efforts will yield results in due course, even if immediate outcomes are not visible."",
    ""confidence_score"": 0.95
}
```",Generated with OG-RAG enhanced context,,0.7,4.796029806137085,What is meant to happen will happen.,"This translation captures the essence of the proverb, which suggests that certain events are inevitable and will unfold regardless of human intervention. It reflects a belief in fate or destiny, emphasizing acceptance of life's natural course.",0.8,2.355564832687378,The rich are repaid by rain.,"{""model"": ""facebook/nllb-200-distilled-1.3B"", ""provider"": ""winstxnhdw-nllb-api"", ""api_version"": ""v4"", ""api_url"": ""https://winstxnhdw-nllb-api.hf.space/api/v4/translator"", ""source_lang"": ""kik_Latn"", ""target_lang"": ""eng_Latn"", ""training_data"": ""FLORES-200"", ""backend"": ""CTranslate2""}",0.8416237831115723,A sheep gacoriter of gacoculs.,1.5142719745635986,2025-10-06T23:43:30.444247,46
MW_024,Haro ni ya muka uri thiiri,Quarrelling is the hallmark of the woman who has debts.,,"```json
{
    ""translation"": ""The wealth of a woman is her strength."",
    ""cultural_meaning"": ""This proverb emphasizes the vital role of women in the Kikuyu community, highlighting that a woman's resources, wisdom, and contributions are foundational to the family's and community's prosperity. It reflects the cultural belief that women are not just caretakers but also key players in economic and social stability."",
    ""business_relevance"": ""In the context of business and entrepreneurship, this proverb underscores the importance of empowering women in economic activities. It suggests that recognizing and harnessing women's strengths can lead to more robust and sustainable business practices. Encouraging women's participation in entrepreneurship can drive innovation and growth within communities."",
    ""confidence_score"": 0.95
}
```",Generated with OG-RAG enhanced context,,0.7,3.551987886428833,The home belongs to the wife when the husband is away.,"This translation captures the essence of the proverb, which emphasizes the role and authority of the wife in managing the household, especially in the absence of the husband. It reflects cultural values regarding gender roles and the importance of women's contributions to family life.",0.9,2.2827889919281006,Haro is a woman who is a witch,"{""model"": ""facebook/nllb-200-distilled-1.3B"", ""provider"": ""winstxnhdw-nllb-api"", ""api_version"": ""v4"", ""api_url"": ""https://winstxnhdw-nllb-api.hf.space/api/v4/translator"", ""source_lang"": ""kik_Latn"", ""target_lang"": ""eng_Latn"", ""training_data"": ""FLORES-200"", ""backend"": ""CTranslate2""}",1.4009268283843994,Haro is the wolf that the term,1.3796989917755127,2025-10-06T23:43:39.060614,47
MW_024,Haro ni ya muka uri thiiri,Quarrelling is the hallmark of the woman who has debts.,"Debts cause unhappiness. “Debt can turn a free, happy person into a bitter human being.”-Michael Mihalik","```json
{
    ""translation"": ""A woman's wisdom is like a wellspring."",
    ""cultural_meaning"": ""This proverb emphasizes the invaluable insight and knowledge that women bring to the community. In Kikuyu culture, women are often seen as the backbone of the family and society, possessing deep understanding and intuition that guide decision-making and nurture relationships."",
    ""business_relevance"": ""In the context of business and entrepreneurship, this proverb highlights the importance of valuing diverse perspectives and the wisdom that women contribute to leadership and innovation. It suggests that incorporating women's insights can lead to more holistic and successful business strategies."",
    ""confidence_score"": 0.95
}
```",Generated with OG-RAG enhanced context,,0.7,3.762204170227051,The home belongs to the woman who is in charge.,"This translation captures the essence of the proverb, which emphasizes the importance of a woman's role in managing and nurturing the household. It reflects the cultural belief that women play a central role in maintaining family harmony and stability.",0.9,2.160240888595581,Haro is a woman who is a witch,"{""model"": ""facebook/nllb-200-distilled-1.3B"", ""provider"": ""winstxnhdw-nllb-api"", ""api_version"": ""v4"", ""api_url"": ""https://winstxnhdw-nllb-api.hf.space/api/v4/translator"", ""source_lang"": ""kik_Latn"", ""target_lang"": ""eng_Latn"", ""training_data"": ""FLORES-200"", ""backend"": ""CTranslate2""}",0.9378750324249268,Haro is the wolf that the term,0.35538697242736816,2025-10-06T23:43:46.277383,48
MW_025,Hinya nduri indo,Strength has no wealth.,,"```json
{
    ""translation"": ""A single hand cannot lift a heavy load."",
    ""cultural_meaning"": ""This proverb emphasizes the importance of collaboration and community support in achieving significant goals. It reflects the Kikuyu belief that collective effort is essential for overcoming challenges and attaining success."",
    ""business_relevance"": ""In the context of business and entrepreneurship, this proverb highlights the necessity of teamwork, partnerships, and networking. It suggests that no one can succeed alone; building strong relationships and collaborating with others can lead to greater achievements and innovation."",
    ""confidence_score"": 0.95
}
```",Generated with OG-RAG enhanced context,,0.7,2.7133069038391113,A fool is known by his actions,"This translation captures the essence of the proverb, which suggests that a person's foolishness or lack of wisdom is revealed through their behavior and decisions. It emphasizes the idea that one's true character is demonstrated in their actions rather than words.",0.8,1.8348820209503174,Power is not a thing,"{""model"": ""facebook/nllb-200-distilled-1.3B"", ""provider"": ""winstxnhdw-nllb-api"", ""api_version"": ""v4"", ""api_url"": ""https://winstxnhdw-nllb-api.hf.space/api/v4/translator"", ""source_lang"": ""kik_Latn"", ""target_lang"": ""eng_Latn"", ""training_data"": ""FLORES-200"", ""backend"": ""CTranslate2""}",1.2220680713653564,Hitya a lot of the ice,1.6402137279510498,2025-10-06T23:43:53.688948,49
MW_025,Hinya nduri indo,Strength has no wealth.,"“Strive not to be a success, but rather to be of value.” Albert Einstein","```json
{
    ""translation"": ""A single finger cannot lift a heavy load."",
    ""cultural_meaning"": ""This proverb emphasizes the importance of community and collaboration in achieving significant goals. It reflects the Kikuyu belief that collective effort and unity are essential for overcoming challenges and attaining success."",
    ""business_relevance"": ""In the context of business and entrepreneurship, this proverb highlights the necessity of teamwork and partnerships. It suggests that no individual can succeed alone; instead, leveraging the strengths and skills of others leads to greater achievements and innovation."",
    ""confidence_score"": 0.95
}
```",Generated with OG-RAG enhanced context,,0.7,2.373080253601074,A single hand cannot lift a heavy load.,"This translation captures the essence of the proverb, which emphasizes the importance of collaboration and teamwork in overcoming challenges. It suggests that some tasks are too difficult to accomplish alone and require the support of others.",0.9,3.7686331272125244,Power is not a thing,"{""model"": ""facebook/nllb-200-distilled-1.3B"", ""provider"": ""winstxnhdw-nllb-api"", ""api_version"": ""v4"", ""api_url"": ""https://winstxnhdw-nllb-api.hf.space/api/v4/translator"", ""source_lang"": ""kik_Latn"", ""target_lang"": ""eng_Latn"", ""training_data"": ""FLORES-200"", ""backend"": ""CTranslate2""}",0.8447151184082031,Hitya a lot of the ice,0.37513089179992676,2025-10-06T23:44:01.051441,50
